{
    "test_description": "test",
    "Port": "80",
    "CachesNumber": 2,
    "Data": {
        "Negb-HDPE-vHBn": "{\"2qsMMSI2Uc\": \"7VSQj-i2WJR-HcmRw-IPB0J\", \"EAhfFef36b\": \"oTiyA-c3nMS-FpFDB-skyiQ\", \"hsvZ39JOkH\": \"GXjg8-PcZp7-ZfErO-40JPv\", \"hV0MPamSET\": \"lSSJ7-Me1ZV-iQLSr-wUtxq\", \"cOjPpVpTCT\": \"oXnY5-V37WH-QvlGc-7Ivji\", \"id\": \"Negb-HDPE-vHBn\"}",
        "Aaea-PNA9-RaLW": "{\"Yzdc7R5C6s\": \"VdDgl-14RDJ-nng23-2UQkt\", \"iSi1v247o5\": \"vQZa5-VmSeu-1dIE3-NfUL2\", \"KX7P4DXsTk\": \"jRBSz-O500o-vns7c-Aggqt\", \"AkQ45mwzZm\": \"70sfK-jN2SB-EJAoB-8rn72\", \"gWhyZ9t1kZ\": \"7wtHi-GhM5P-JzJYk-efpr4\", \"id\": \"Aaea-PNA9-RaLW\"}",
        "779O-JEPX-HB6Z": "{\"QjZU2cSqrV\": \"Bs9WI-6MWdI-fhqoP-DVhaD\", \"5eK9Cjz3n6\": \"EZgkL-55WAG-rXjDo-CnTgU\", \"SsmhHn3C6w\": \"5ACnu-gcurL-oYTR8-pUTWb\", \"vyjO56C4EG\": \"mnqqM-C8Uz3-oDj6Y-JlYIB\", \"k7TM3yk54l\": \"Tlz2J-juzQY-vZDfU-FAtD1\", \"id\": \"779O-JEPX-HB6Z\"}"
    }
}
